"","disease","percent"
"1","Mental and Behavioral Conditions",19.6000003814697
"2","Arthritis",19.7999992370605
"3","Hypertension",14.6000003814697
"4","Asthma",10.6999998092651
"5","High Cholesterol",9.10000038146973
"6","Heart Disease",6.69999980926514
"7","Diabetes",6.59999990463257
"8","Osteoporosis",4.5
"9","Cancer",2.09999990463257
"10","Kidney Disease",1.10000002384186
