"","year","group1","group2","group3","group4"
"1",1940,30.6000003814697,42.7999992370605,19.7999992370605,6.80000019073486
"2",2010,24.0300006866455,36.5400009155273,26.3899993896484,13.039999961853
