"","group","p","upper","lower","n"
"1",1,0.0240000002086163,0.0510479286313057,0,123
"2",2,0.0450000017881393,0.0688596963882446,0.0211402997374535,290
