"","m","sd","n","upper","lower","group"
"1",49.2999992370605,11.6000003814697,70,52.0646133422852,46.5353889465332,1
"2",53.2999992370605,7.80000019073486,49,55.5392684936523,51.0607299804688,2
