"","rate","year"
"1",2.41899991035461,1
"2",1.73199999332428,2
"3",1.36099994182587,3
"4",1.10800004005432,4
"5",0.995999991893768,5
"6",0.952000021934509,6
"7",0.904000043869019,7
"8",0.791999995708466,8
"9",0.701000034809113,9
"10",0.891000032424927,10
"11",0.798999965190887,11
"12",1.08399999141693,12
